patient,PC1,PC2,PC3
PATIENTA,7.339388,19.289509,2.44601e-06
PATIENTB,-32.283787,-5.9339995,2.446011e-06
PATIENTC,24.94441,-13.355504,2.4460105e-06
